"FileName","RelativePath","Extension","SizeKB","Width","Height","AspectRatio","Classification","Status"
"favicon.svg","C:\Users\famil\Documents\GitHub\janavani-website\assets\favicon.svg",".svg","200.64",,,,"brand\favicon","BUILDING / REVIEW"
"JanaVani banner - svg.svg","C:\Users\famil\Documents\GitHub\janavani-website\assets\images\JanaVani banner - svg.svg",".svg","740.73",,,,"brand\logos","BUILDING / REVIEW"
"JanaVani banner.png","C:\Users\famil\Documents\GitHub\janavani-website\assets\images\JanaVani banner.png",".png","1450.03","1408","768","1.833","brand\logos","BUILDING / REVIEW"
"JanaVani Profile Pictures - svg.svg","C:\Users\famil\Documents\GitHub\janavani-website\assets\JanaVani Profile Pictures - svg.svg",".svg","200.64",,,,"brand\logos","BUILDING / REVIEW"
"JanaVani Profile Pictures bmp.bmp","C:\Users\famil\Documents\GitHub\janavani-website\assets\JanaVani Profile Pictures bmp.bmp",".bmp","1903.13","702","694","1.012","brand\logos","BUILDING / REVIEW"
"JanaVani Profile Pictures re-size svg.svg","C:\Users\famil\Documents\GitHub\janavani-website\assets\JanaVani Profile Pictures re-size svg.svg",".svg","198.02",,,,"brand\logos","BUILDING / REVIEW"
"JanaVani Profile Pictures re-size tif.tif","C:\Users\famil\Documents\GitHub\janavani-website\assets\JanaVani Profile Pictures re-size tif.tif",".tif","680.1","702","694","1.012","brand\logos","BUILDING / REVIEW"
"JanaVani Profile Pictures re-size.png","C:\Users\famil\Documents\GitHub\janavani-website\assets\JanaVani Profile Pictures re-size.png",".png","598.03","702","694","1.012","brand\logos","BUILDING / REVIEW"
"JanaVani Profile Pictures.png","C:\Users\famil\Documents\GitHub\janavani-website\assets\JanaVani Profile Pictures.png",".png","1213.67","1024","1024","1","brand\logos","BUILDING / REVIEW"
"Preamble of India WebP.webp","C:\Users\famil\Documents\GitHub\janavani-website\assets\Preamble of India WebP.webp",".webp","82.8",,,,"constitutional","BUILDING / REVIEW"
"Preamble of India.png","C:\Users\famil\Documents\GitHub\janavani-website\assets\Preamble of India.png",".png","520.4","527","705","0.748","constitutional","BUILDING / REVIEW"
"janavani-civic-action-pathway.png","C:\Users\famil\Documents\GitHub\janavani-website\assets\images\janavani-civic-action-pathway.png",".png","1480.47","1536","1024","1.5","diagrams\civic-pathway","BUILDING / REVIEW"
"janavani-civic-pathway - webp.webp","C:\Users\famil\Documents\GitHub\janavani-website\assets\images\janavani-civic-pathway - webp.webp",".webp","240.83",,,,"diagrams\civic-pathway","BUILDING / REVIEW"
"janavani-civic-pathway-vector - webp.webp","C:\Users\famil\Documents\GitHub\janavani-website\assets\images\janavani-civic-pathway-vector - webp.webp",".webp","561.03",,,,"diagrams\civic-pathway","BUILDING / REVIEW"
"janavani-civic-pathway-vector.png","C:\Users\famil\Documents\GitHub\janavani-website\assets\images\janavani-civic-pathway-vector.png",".png","1429.41","2172","724","3","diagrams\civic-pathway","BUILDING / REVIEW"
"janavani-home-citizen-journey - webp.webp","C:\Users\famil\Documents\GitHub\janavani-website\assets\images\janavani-home-citizen-journey - webp.webp",".webp","282.11",,,,"home\citizen-journey","BUILDING / REVIEW"
"janavani-home-citizen-problem - webp.webp","C:\Users\famil\Documents\GitHub\janavani-website\assets\images\janavani-home-citizen-problem - webp.webp",".webp","232.82",,,,"home\citizen-problem","BUILDING / REVIEW"
"janavani-home-citizen-vigilance - webp.webp","C:\Users\famil\Documents\GitHub\janavani-website\assets\images\janavani-home-citizen-vigilance - webp.webp",".webp","293.1",,,,"home\citizen-vigilance","BUILDING / REVIEW"
"janavani-home-hero-citizen-voice - webp.webp","C:\Users\famil\Documents\GitHub\janavani-website\assets\images\janavani-home-hero-citizen-voice - webp.webp",".webp","288.73",,,,"home\hero","BUILDING / REVIEW"
"janavani-home-how-janavani-helps - webp.webp","C:\Users\famil\Documents\GitHub\janavani-website\assets\images\janavani-home-how-janavani-helps - webp.webp",".webp","190.22",,,,"home\janavani-helps","BUILDING / REVIEW"
"janavani-home-larger-vision - webp.webp","C:\Users\famil\Documents\GitHub\janavani-website\assets\images\janavani-home-larger-vision - webp.webp",".webp","330.02",,,,"home\larger-vision","BUILDING / REVIEW"
"janavani-home-product-maturity - webp.webp","C:\Users\famil\Documents\GitHub\janavani-website\assets\images\janavani-home-product-maturity - webp.webp",".webp","293.72",,,,"home\product-maturity","BUILDING / REVIEW"
"janavani-home-technology-citizen-agency - webp.webp","C:\Users\famil\Documents\GitHub\janavani-website\assets\images\janavani-home-technology-citizen-agency - webp.webp",".webp","274.92",,,,"home\technology-agency","BUILDING / REVIEW"
"2023_Facebook_icon.svg.webp","C:\Users\famil\Documents\GitHub\janavani-website\assets\Social Media Icon\2023_Facebook_icon.svg.webp",".webp","11.03",,,,"social\icons","BUILDING / REVIEW"
"Bluesky_Logo.svg.webp","C:\Users\famil\Documents\GitHub\janavani-website\assets\Social Media Icon\Bluesky_Logo.svg.webp",".webp","41.81",,,,"social\icons","BUILDING / REVIEW"
"Github icon.png","C:\Users\famil\Documents\GitHub\janavani-website\assets\Social Media Icon\Github icon.png",".png","4.56","512","512","1","social\icons","BUILDING / REVIEW"
"Instagram_icon.png","C:\Users\famil\Documents\GitHub\janavani-website\assets\Social Media Icon\Instagram_icon.png",".png","1304.4","5001","5001","1","social\icons","BUILDING / REVIEW"
"Nostr icon.png","C:\Users\famil\Documents\GitHub\janavani-website\assets\Social Media Icon\Nostr icon.png",".png","6.63","522","383","1.363","social\icons","BUILDING / REVIEW"
"Primal Web icon.png","C:\Users\famil\Documents\GitHub\janavani-website\assets\Social Media Icon\Primal Web icon.png",".png","95","300","300","1","social\icons","BUILDING / REVIEW"
"Telegram_logo.svg.webp","C:\Users\famil\Documents\GitHub\janavani-website\assets\Social Media Icon\Telegram_logo.svg.webp",".webp","20",,,,"social\icons","BUILDING / REVIEW"
"Ditto QR.png","C:\Users\famil\Documents\GitHub\janavani-website\assets\Social Media Connecting QR Code\Ditto QR.png",".png","12.67","446","487","0.916","social\qr","BUILDING / REVIEW"
"Janavani Bot QR.png","C:\Users\famil\Documents\GitHub\janavani-website\assets\Social Media Connecting QR Code\Janavani Bot QR.png",".png","199.36","1185","1406","0.843","social\qr","BUILDING / REVIEW"
"Primal profile QR.png","C:\Users\famil\Documents\GitHub\janavani-website\assets\Social Media Connecting QR Code\Primal profile QR.png",".png","24.01","385","385","1","social\qr","BUILDING / REVIEW"
